<?xml version="1.0" encoding="UTF-8"?>
<project-private xmlns="http://www.netbeans.org/ns/project-private/1">
    <editor-bookmarks xmlns="http://www.netbeans.org/ns/editor-bookmarks/2" lastBookmarkId="0"/>
    <open-files xmlns="http://www.netbeans.org/ns/projectui-open-files/2">
        <group>
            <file>file:/C:/Users/alumno/Documents/NetBeansProjects/Clases_Ej6/src/Main.java</file>
            <file>file:/C:/Users/alumno/Documents/NetBeansProjects/Clases_Ej6/src/Libro.java</file>
            <file>file:/C:/Users/alumno/Documents/NetBeansProjects/Clases_Ej6/src/Biblioteca.java</file>
            <file>file:/C:/Users/alumno/Documents/NetBeansProjects/Clases_Ej6/src/Prestamo.java</file>
            <file>file:/C:/Users/alumno/Documents/NetBeansProjects/Clases_Ej6/src/Lector.java</file>
        </group>
    </open-files>
</project-private>
